{"min": -50.61119159698487, "max": -3.9704045367240908}